1773510033.443831,192.168.1.34,104.29.138.176,DoS
1773510033.446042,192.168.1.34,104.29.138.176,DoS
1773510033.4510744,104.29.138.176,192.168.1.34,Normal
1773510033.4536624,192.168.1.34,104.29.138.176,DoS
1773510033.456156,192.168.1.34,104.29.138.176,DoS
1773510033.4588237,192.168.1.34,104.29.138.176,DoS
1773510033.461392,192.168.1.34,104.29.138.176,DoS
1773510033.4669442,192.168.1.34,104.29.138.176,DoS
1773510033.4698424,192.168.1.34,104.29.138.176,DoS
1773510033.4725664,192.168.1.34,104.29.138.176,DoS
1773510033.4833958,192.168.1.34,104.29.138.176,DoS
1773510033.486365,192.168.1.34,104.29.138.176,DoS
1773510033.489535,192.168.1.34,104.29.138.176,DoS
1773510033.4920785,192.168.1.34,104.29.138.176,DoS
1773510033.4975312,192.168.1.34,104.29.138.176,DoS
1773510033.5004096,192.168.1.34,104.29.138.176,DoS
1773510033.5068212,192.168.1.34,104.29.138.176,DoS
1773510033.5171647,192.168.1.34,104.29.138.176,DoS
1773510033.522633,192.168.1.34,104.29.138.176,DoS
1773510033.5322506,192.168.1.34,104.29.138.176,DoS
1773510033.541469,192.168.1.34,104.29.138.176,DoS
1773510033.5466142,192.168.1.34,104.29.138.176,DoS
1773510033.5528507,192.168.1.34,104.29.138.176,DoS
1773510033.5551226,104.29.138.176,192.168.1.34,Normal
1773510033.558749,192.168.1.34,104.29.138.176,DoS
1773510033.5617485,192.168.1.34,104.29.138.176,DoS
1773510033.5649884,192.168.1.34,104.29.138.176,DoS
1773510033.5688393,192.168.1.34,104.29.138.176,DoS
1773510033.5709672,192.168.1.34,104.29.138.176,DoS
1773510033.5745788,192.168.1.34,104.29.138.176,DoS
1773510033.5782154,192.168.1.34,104.29.138.176,DoS
1773510033.5809288,192.168.1.34,104.29.138.176,DoS
1773510033.5844002,192.168.1.34,104.29.138.176,DoS
1773510033.5870883,192.168.1.34,104.29.138.176,DoS
1773510033.5900235,192.168.1.34,104.29.138.176,DoS
1773510033.5957386,192.168.1.34,104.29.138.176,DoS
1773510033.6058826,192.168.1.34,104.29.138.176,DoS
1773510033.6273513,192.168.1.34,104.29.138.176,DoS
1773510033.635502,192.168.1.34,104.29.138.176,DoS
1773510033.682989,192.168.1.34,104.29.138.176,DoS
1773510033.7018912,192.168.1.34,104.29.138.176,DoS
1773510033.7352622,192.168.1.34,104.29.138.176,DoS
1773510033.7855456,192.168.1.34,104.29.138.176,Normal
1773510033.815365,192.168.1.34,104.29.138.176,Normal
1773510033.8208144,192.168.1.34,104.29.138.176,Normal
1773510033.8261943,192.168.1.34,104.29.138.176,Normal
1773510033.8335884,192.168.1.34,104.29.138.176,Normal
1773510033.8360398,192.168.1.34,104.29.138.176,Normal
1773510033.8502614,192.168.1.34,104.29.138.176,Normal
1773510033.8714,192.168.1.34,104.29.138.176,Normal
1773510033.894323,192.168.1.34,104.29.138.176,Normal
1773510033.903318,192.168.1.34,104.29.138.176,Normal
1773510033.9074068,192.168.1.34,104.29.138.176,Normal
1773510033.9113436,192.168.1.34,104.29.138.176,Normal
1773510033.9164293,104.29.138.176,192.168.1.34,Normal
1773510033.9188921,192.168.1.34,104.29.138.176,Normal
1773510033.9219012,192.168.1.34,104.29.138.176,Normal
1773510033.924434,192.168.1.34,104.29.138.176,Normal
1773510033.927402,192.168.1.34,104.29.138.176,Normal
1773510033.9297745,192.168.1.34,104.29.138.176,Normal
1773510033.933595,192.168.1.34,104.29.138.176,Normal
1773510033.9369564,192.168.1.34,104.29.138.176,Normal
1773510033.9401157,192.168.1.34,104.29.138.176,Normal
1773510033.9433274,192.168.1.34,104.29.138.176,Normal
1773510033.9523916,192.168.1.34,104.29.138.176,Normal
1773510033.956267,192.168.1.34,104.29.138.176,Normal
1773510033.964091,192.168.1.34,104.29.138.176,Normal
1773510033.9719741,192.168.1.34,104.29.138.176,Normal
1773510033.9763196,192.168.1.34,104.29.138.176,Normal
1773510033.9832308,192.168.1.34,104.29.138.176,Normal
1773510033.9875224,192.168.1.34,104.29.138.176,Normal
1773510033.990395,192.168.1.34,104.29.138.176,Normal
1773510033.9953234,192.168.1.34,104.29.138.176,Normal
1773510034.0025387,192.168.1.34,104.29.138.176,Normal
1773510034.0060868,192.168.1.34,104.29.138.176,Normal
1773510034.0094345,192.168.1.34,104.29.138.176,Normal
1773510034.0125914,192.168.1.34,104.29.138.176,Normal
1773510034.0170176,192.168.1.34,104.29.138.176,Normal
1773510034.0199378,192.168.1.34,104.29.138.176,Normal
1773510034.022082,192.168.1.34,104.29.138.176,Normal
1773510034.025049,192.168.1.34,104.29.138.176,Normal
1773510034.0388558,192.168.1.34,104.29.138.176,Normal
1773510034.043465,192.168.1.34,104.29.138.176,Normal
1773510034.0482202,192.168.1.34,104.29.138.176,Normal
1773510034.0533197,104.29.138.176,192.168.1.34,Normal
1773510034.057729,104.29.138.176,192.168.1.34,Normal
1773510034.0610826,192.168.1.34,104.29.138.176,Normal
1773510034.0647533,192.168.1.34,104.29.138.176,Normal
1773510034.0671277,192.168.1.34,104.29.138.176,Normal
1773510034.0706916,192.168.1.34,104.29.138.176,Normal
1773510034.074214,192.168.1.34,104.29.138.176,Normal
1773510034.0766854,192.168.1.34,104.29.138.176,Normal
1773510034.0798168,192.168.1.34,104.29.138.176,Normal
1773510034.0829089,192.168.1.34,104.29.138.176,Normal
1773510034.0853143,192.168.1.34,104.29.138.176,Normal
1773510034.0877852,192.168.1.34,104.29.138.176,Normal
1773510034.0895247,192.168.1.34,104.29.138.176,Normal
1773510034.0918267,192.168.1.34,104.29.138.176,Normal
1773510034.0941982,192.168.1.34,104.29.138.176,Normal
1773510034.0965278,192.168.1.34,104.29.138.176,Normal
1773510034.0988343,192.168.1.34,104.29.138.176,Normal
1773510034.1014702,192.168.1.34,104.29.138.176,Normal
1773510034.1048748,192.168.1.34,104.29.138.176,Normal
1773510034.1071558,192.168.1.34,104.29.138.176,Normal
1773510034.1093836,192.168.1.34,104.29.138.176,Normal
1773510034.1116617,192.168.1.34,104.29.138.176,Normal
1773510034.1144133,192.168.1.34,104.29.138.176,Normal
1773510034.1169634,192.168.1.34,104.29.138.176,Normal
1773510034.1204956,192.168.1.34,104.29.138.176,Normal
1773510034.1231205,192.168.1.34,104.29.138.176,Normal
1773510034.1261792,192.168.1.34,104.29.138.176,Normal
1773510034.1296055,192.168.1.34,104.29.138.176,Normal
1773510034.136337,192.168.1.34,104.29.138.176,Normal
1773510034.1397092,192.168.1.34,104.29.138.176,Normal
1773510034.14165,192.168.1.34,104.29.138.176,Normal
1773510034.1442938,192.168.1.34,104.29.138.176,Normal
1773510034.1465983,192.168.1.34,104.29.138.176,Normal
1773510034.1501045,192.168.1.34,104.29.138.176,Normal
1773510034.1544096,192.168.1.34,104.29.138.176,Normal
1773510034.1562042,192.168.1.34,104.29.138.176,Normal
1773510034.1587002,192.168.1.34,104.29.138.176,Normal
1773510034.1606596,192.168.1.34,104.29.138.176,Normal
1773510034.1624637,192.168.1.34,104.29.138.176,Normal
1773510034.1649332,192.168.1.34,104.29.138.176,Normal
1773510034.16743,192.168.1.34,104.29.138.176,Normal
1773510034.1697474,192.168.1.34,104.29.138.176,Normal
1773510034.1722782,192.168.1.34,104.29.138.176,Normal
1773510034.1747894,192.168.1.34,104.29.138.176,Normal
1773510034.176508,104.29.138.176,192.168.1.34,Normal
1773510034.1786084,192.168.1.34,104.29.138.176,Normal
1773510034.1810505,192.168.1.34,104.29.138.176,Normal
1773510034.1839895,192.168.1.34,104.29.138.176,Normal
1773510034.186277,192.168.1.34,104.29.138.176,Normal
1773510034.1892114,192.168.1.34,104.29.138.176,Normal
1773510034.192488,192.168.1.34,104.29.138.176,Normal
1773510034.194499,192.168.1.34,104.208.16.89,Normal
1773510034.1994596,192.168.1.34,104.208.16.89,Normal
1773510034.2021255,192.168.1.34,104.208.16.89,Normal
1773510034.204499,104.29.138.176,192.168.1.34,Normal
1773510034.206559,192.168.1.34,104.29.138.176,Normal
1773510034.2084777,192.168.1.34,104.29.138.176,Normal
1773510034.2103922,192.168.1.34,104.29.138.176,Normal
1773510034.212525,192.168.1.34,104.29.138.176,Normal
1773510034.2151954,192.168.1.34,104.29.138.176,Normal
1773510034.217938,192.168.1.34,104.29.138.176,Normal
1773510034.220302,192.168.1.34,104.29.138.176,Normal
1773510034.2225387,192.168.1.34,104.29.138.176,Normal
1773510034.2246678,192.168.1.34,104.29.138.176,Normal
1773510034.2265432,192.168.1.34,104.29.138.176,Normal
1773510034.228413,192.168.1.34,104.29.138.176,Normal
1773510034.2322319,192.168.1.34,104.29.138.176,Normal
1773510034.234512,192.168.1.34,104.29.138.176,Normal
1773510034.2366269,192.168.1.34,104.29.138.176,Normal
1773510034.2397683,192.168.1.34,104.29.138.176,Normal
1773510034.2423496,192.168.1.34,104.29.138.176,Normal
1773510034.2449918,192.168.1.34,104.29.138.176,Normal
1773510034.2476897,192.168.1.34,104.29.138.176,Normal
1773510034.2503798,192.168.1.34,104.29.138.176,Normal
1773510034.252384,192.168.1.34,104.29.138.176,Normal
1773510034.2544243,192.168.1.34,104.29.138.176,Normal
1773510034.2572827,192.168.1.34,104.29.138.176,Normal
1773510034.2596402,192.168.1.34,104.29.138.176,Normal
1773510034.26221,192.168.1.34,104.29.138.176,Normal
1773510034.2646558,192.168.1.34,104.29.138.176,Normal
1773510034.2665188,192.168.1.34,104.29.138.176,Normal
1773510034.2684557,192.168.1.34,104.29.138.176,Normal
1773510034.2705414,192.168.1.34,104.29.138.176,Normal
1773510034.2732291,192.168.1.34,104.29.138.176,Normal
1773510034.2755282,192.168.1.34,104.29.138.176,Normal
1773510034.2825396,192.168.1.34,104.29.138.176,Normal
1773510034.2861319,192.168.1.34,104.29.138.176,Normal
1773510034.2896297,192.168.1.34,104.29.138.176,Normal
1773510034.297601,192.168.1.34,104.29.138.176,Normal
1773510034.3034017,192.168.1.34,104.29.138.176,Normal
1773510034.305541,192.168.1.34,104.29.138.176,Normal
1773510034.3077042,192.168.1.34,104.29.138.176,Normal
1773510034.3103561,192.168.1.34,104.29.138.176,Normal
1773510034.3126678,192.168.1.34,104.29.138.176,Normal
1773510034.314741,104.29.138.176,192.168.1.34,Normal
1773510034.317028,192.168.1.34,104.29.138.176,Normal
1773510034.3201036,192.168.1.34,104.29.138.176,Normal
1773510034.3246746,192.168.1.34,104.29.138.176,Normal
1773510034.3270457,192.168.1.34,104.29.138.176,Normal
1773510034.329278,192.168.1.34,104.29.138.176,Normal
1773510034.3317423,192.168.1.34,104.29.138.176,Normal
1773510034.3339095,192.168.1.34,104.29.138.176,Normal
1773510034.3366833,192.168.1.34,104.29.138.176,Normal
1773510034.3390386,192.168.1.34,104.29.138.176,Normal
1773510034.34144,192.168.1.34,104.29.138.176,Normal
1773510034.3441067,192.168.1.34,104.29.138.176,Normal
1773510034.3460886,192.168.1.34,104.29.138.176,Normal
1773510034.3483503,192.168.1.34,104.29.138.176,DoS
1773510034.3503008,192.168.1.34,104.29.138.176,DoS
1773510034.3521998,192.168.1.34,104.29.138.176,DoS
1773510034.354617,192.168.1.34,104.29.138.176,DoS
1773510034.3564107,192.168.1.34,104.29.138.176,DoS
1773510034.3591735,192.168.1.34,104.29.138.176,DoS
1773510034.3616128,192.168.1.34,104.29.138.176,DoS
1773510034.3640735,104.29.138.176,192.168.1.34,Normal
1773510034.3664823,192.168.1.34,104.29.138.176,DoS
1773510034.3753388,192.168.1.34,104.29.138.176,DoS
1773510034.3785033,192.168.1.34,104.29.138.176,DoS
1773510034.3810546,192.168.1.34,104.29.138.176,DoS
1773510034.384463,192.168.1.34,104.29.138.176,DoS
1773510034.3915365,192.168.1.34,104.29.138.176,DoS
1773510034.3941946,192.168.1.34,104.29.138.176,DoS
1773510034.3969786,192.168.1.34,104.29.138.176,DoS
1773510034.3991466,192.168.1.34,104.29.138.176,DoS
1773510034.40194,192.168.1.34,104.29.138.176,DoS
1773510034.4073343,192.168.1.34,104.29.138.176,DoS
1773510034.4108593,192.168.1.34,104.29.138.176,DoS
1773510034.4136264,192.168.1.34,104.29.138.176,DoS
1773510034.416818,192.168.1.34,104.29.138.176,DoS
1773510034.419291,192.168.1.34,104.29.138.176,DoS
1773510034.4214232,192.168.1.34,104.29.138.176,DoS
1773510034.425291,192.168.1.34,104.29.138.176,DoS
1773510034.432308,192.168.1.34,104.29.138.176,DoS
1773510034.4347653,192.168.1.34,104.29.138.176,DoS
1773510034.4370098,192.168.1.34,104.29.138.176,DoS
1773510034.4403555,192.168.1.34,104.29.138.176,DoS
1773510034.443055,192.168.1.34,104.29.138.176,DoS
1773510034.4452195,192.168.1.34,104.29.138.176,DoS
1773510034.4484193,192.168.1.34,104.29.138.176,DoS
1773510034.4507363,192.168.1.34,104.29.138.176,DoS
1773510034.4535465,192.168.1.34,104.29.138.176,DoS
1773510034.4558666,192.168.1.34,104.29.138.176,DoS
1773510034.457678,192.168.1.34,104.29.138.176,DoS
1773510034.459868,192.168.1.34,104.29.138.176,DoS
1773510034.4618268,192.168.1.34,104.29.138.176,DoS
1773510034.4648077,192.168.1.34,104.29.138.176,DoS
1773510034.4667833,192.168.1.34,104.29.138.176,DoS
1773510034.4692667,192.168.1.34,104.29.138.176,DoS
1773510034.4715493,192.168.1.34,104.29.138.176,DoS
1773510034.4734924,192.168.1.34,104.29.138.176,DoS
1773510034.4758341,192.168.1.34,104.29.138.176,DoS
1773510034.4787652,192.168.1.34,104.29.138.176,DoS
1773510034.485728,192.168.1.34,104.29.138.176,DoS
1773510034.488263,192.168.1.34,104.29.138.176,DoS
1773510034.4907067,104.208.16.89,192.168.1.34,Normal
1773510034.4930277,104.208.16.89,192.168.1.34,Normal
1773510034.4976535,104.208.16.89,192.168.1.34,Normal
1773510034.4995291,104.208.16.89,192.168.1.34,Normal
1773510034.5012915,104.208.16.89,192.168.1.34,Normal
1773510034.5032196,104.208.16.89,192.168.1.34,Normal
1773510034.5051117,104.208.16.89,192.168.1.34,Normal
1773510034.5068288,192.168.1.34,104.29.138.176,DoS
1773510034.509065,192.168.1.34,104.29.138.176,DoS
1773510034.5117133,192.168.1.34,104.29.138.176,DoS
1773510034.5146284,192.168.1.34,104.29.138.176,DoS
1773510034.5169425,192.168.1.34,104.29.138.176,DoS
1773510034.5196488,192.168.1.34,104.29.138.176,DoS1773656117.9735563,35.82.117.226,10.125.24.100,Normal
1773656117.9764597,35.82.117.226,10.125.24.100,Normal
1773656117.9777076,35.82.117.226,10.125.24.100,Normal
1773656117.9787173,35.82.117.226,10.125.24.100,Normal
1773656117.980111,10.125.24.100,35.82.117.226,Normal
1773656117.9815784,10.125.24.100,35.82.117.226,Normal
1773656118.0077012,35.82.117.226,10.125.24.100,Normal
1773656118.037676,35.82.117.226,10.125.24.100,Normal
1773656118.038848,35.82.117.226,10.125.24.100,Normal
1773656118.0400114,35.82.117.226,10.125.24.100,Normal
1773656118.0410268,10.125.24.100,35.82.117.226,Normal
1773656118.0421028,10.125.24.100,35.82.117.226,Normal
1773656118.0584424,35.82.117.226,10.125.24.100,Normal
1773656118.0694878,35.82.117.226,10.125.24.100,Normal
1773656118.0710423,35.82.117.226,10.125.24.100,Normal
1773656118.0722432,35.82.117.226,10.125.24.100,Normal
1773656118.0733466,10.125.24.100,35.82.117.226,Normal
1773656118.1121573,10.125.24.100,35.82.117.226,Normal
1773656118.2413557,35.82.117.226,10.125.24.100,Normal
1773656118.2717485,35.82.117.226,10.125.24.100,Normal
1773656118.2731376,35.82.117.226,10.125.24.100,Normal
1773656118.2747452,35.82.117.226,10.125.24.100,Normal
1773656118.2765453,10.125.24.100,35.82.117.226,Normal
1773656118.339632,35.82.117.226,10.125.24.100,Normal
1773656118.368776,10.125.24.100,34.139.124.58,Normal
1773656118.59094,34.139.124.58,10.125.24.100,Normal
1773656118.5933597,10.125.24.100,34.139.124.58,Normal
1773656118.5947857,10.125.24.100,34.139.124.58,Normal
1773656118.8159862,34.139.124.58,10.125.24.100,Normal
1773656118.8220575,34.139.124.58,10.125.24.100,Normal
1773656118.8249042,34.139.124.58,10.125.24.100,Normal
1773656118.8266659,10.125.24.100,34.139.124.58,Normal
1773656118.8286347,10.125.24.100,34.139.124.58,Normal
1773656119.0853298,34.139.124.58,10.125.24.100,Normal
1773656119.0993192,10.125.24.100,13.227.249.18,Normal
1773656119.1038814,13.227.249.18,10.125.24.100,Normal
1773656119.1957307,10.125.24.100,142.250.207.238,Normal
1773656119.778788,10.125.24.100,20.189.173.9,Normal
1773656120.0162163,20.189.173.9,10.125.24.100,Normal
1773656120.0183604,10.125.24.100,20.189.173.9,Normal
1773656120.0203428,10.125.24.100,20.189.173.9,Normal
1773656120.077796,20.195.65.193,10.125.24.100,Normal
1773656120.1300704,10.125.24.100,20.195.65.193,Normal
1773656120.2408998,20.189.173.9,10.125.24.100,Normal
1773656120.2420564,20.189.173.9,10.125.24.100,Normal
1773656120.243105,10.125.24.100,20.189.173.9,Normal
1773656120.4690702,20.189.173.9,10.125.24.100,Normal
1773656120.4708354,20.189.173.9,10.125.24.100,Normal
1773656120.4723008,20.189.173.9,10.125.24.100,Normal
1773656120.4736555,20.189.173.9,10.125.24.100,Normal
1773656120.4750628,20.189.173.9,10.125.24.100,Normal
1773656120.4763982,10.125.24.100,20.189.173.9,Normal
1773656120.477684,10.125.24.100,20.189.173.9,Normal
1773656120.4790378,10.125.24.100,20.189.173.9,Normal
1773656120.4809904,10.125.24.100,20.189.173.9,Normal
1773656120.4831145,10.125.24.100,20.189.173.9,Normal
1773656120.4845736,10.125.24.100,20.189.173.9,Normal
1773656120.4866016,10.125.24.100,20.189.173.9,Normal
1773656120.5089076,10.125.24.100,34.139.124.58,Normal
1773656120.5104797,10.125.24.100,34.139.124.58,Normal
1773656120.532516,10.125.24.100,20.195.65.193,Normal
1773656120.5969105,10.125.24.100,216.58.203.10,Normal
1773656120.6022198,20.195.65.193,10.125.24.100,Normal
1773656120.6082692,216.58.203.10,10.125.24.100,Normal
1773656120.692138,20.189.173.9,10.125.24.100,Normal
1773656120.693817,20.189.173.9,10.125.24.100,Normal
1773656120.6954148,20.189.173.9,10.125.24.100,Normal
1773656120.6968734,20.189.173.9,10.125.24.100,Normal
1773656120.6983113,10.125.24.100,20.189.173.9,Normal
1773656120.7000103,10.125.24.100,20.189.173.9,Normal
1773656120.7012472,20.189.173.9,10.125.24.100,Normal
1773656120.7022839,20.189.173.9,10.125.24.100,Normal
1773656120.7036428,20.189.173.9,10.125.24.100,Normal
1773656120.7049823,20.189.173.9,10.125.24.100,Normal
1773656120.706051,20.189.173.9,10.125.24.100,Normal
1773656120.7071,10.125.24.100,20.189.173.9,Normal
1773656120.738792,34.139.124.58,10.125.24.100,Normal
1773656120.7401927,34.139.124.58,10.125.24.100,Normal
1773656120.7414365,34.139.124.58,10.125.24.100,Normal
1773656120.747352,10.125.24.100,20.189.173.9,Normal
1773656120.75096,34.139.124.58,10.125.24.100,Normal
1773656120.7529466,34.139.124.58,10.125.24.100,Normal
1773656120.7545273,10.125.24.100,34.139.124.58,Normal
1773656120.7556047,20.189.173.9,10.125.24.100,Normal
1773656120.7940605,10.125.24.100,34.139.124.58,Normal
1773656120.9212115,20.189.173.9,10.125.24.100,Normal
1773656120.9679275,20.189.173.9,10.125.24.100,Normal
1773656121.0151682,10.125.24.100,20.189.173.9,Normal
1773656121.449853,10.125.24.100,10.125.107.135,Normal
1773656121.5973823,10.125.24.100,20.195.65.193,Normal
1773656121.658483,20.195.65.193,10.125.24.100,Normal
1773656121.766977,10.125.24.100,142.251.42.238,Normal
1773656121.7797942,142.251.42.238,10.125.24.100,Normal
1773656121.9000616,10.125.24.100,20.189.173.9,Normal
1773656121.9044096,10.125.24.100,20.189.173.9,Normal
1773656121.907116,10.125.24.100,20.189.173.9,Normal
1773656122.1237092,20.189.173.9,10.125.24.100,Normal
1773656122.1254058,20.189.173.9,10.125.24.100,Normal
1773656122.1268191,20.189.173.9,10.125.24.100,Normal
1773656122.1283312,20.189.173.9,10.125.24.100,Normal
1773656122.1302698,20.189.173.9,10.125.24.100,Normal
1773656122.132067,20.189.173.9,10.125.24.100,Normal
1773656122.1350603,20.189.173.9,10.125.24.100,Normal
1773656122.1365788,20.189.173.9,10.125.24.100,Normal
1773656122.1836743,10.125.24.100,20.189.173.9,Normal
1773656122.6431637,10.125.24.100,34.139.124.58,Normal
1773656122.6456127,10.125.24.100,34.139.124.58,Normal
1773656122.8713856,34.139.124.58,10.125.24.100,Normal
1773656122.8741837,10.125.24.100,34.139.124.58,Normal
1773656122.8884716,34.139.124.58,10.125.24.100,Normal
1773656122.892292,34.139.124.58,10.125.24.100,Normal
1773656122.8945212,10.125.24.100,34.139.124.58,Normal
1773656122.9305444,10.125.24.100,34.139.124.58,Normal
1773656123.1677873,10.125.24.100,192.168.2.51,Normal
1773656123.1712048,10.125.24.100,192.168.2.51,Normal
1773656123.1744742,192.168.2.51,10.125.24.100,Normal
1773656123.1763813,192.168.2.51,10.125.24.100,Normal
1773656123.17798,10.125.24.100,192.168.2.51,Normal
1773656123.1793652,10.125.24.100,192.168.2.51,Normal
1773656123.1808496,10.125.24.100,192.168.2.51,Normal
1773656123.1825306,10.125.24.100,192.168.2.51,Normal
1773656123.1847012,10.125.24.100,192.168.2.51,Normal
1773656123.1864076,10.125.24.100,192.168.2.51,Normal
1773656123.1879454,192.168.2.51,10.125.24.100,Normal
1773656123.189247,192.168.2.51,10.125.24.100,Normal
1773656123.1913831,192.168.2.51,10.125.24.100,Normal
1773656123.1934109,192.168.2.51,10.125.24.100,Normal
1773656123.194658,10.125.24.100,192.168.2.51,Normal
1773656123.1957598,10.125.24.100,35.190.68.134,Normal
1773656123.196734,10.125.24.100,192.168.2.51,Normal
1773656123.1979315,192.168.2.51,10.125.24.100,Normal
1773656123.198994,192.168.2.51,10.125.24.100,Normal
1773656123.200191,192.168.2.51,10.125.24.100,Normal
1773656123.2020926,192.168.2.51,10.125.24.100,Normal
1773656123.2037883,10.125.24.100,192.168.2.51,Normal
1773656123.2048397,10.125.24.100,192.168.2.51,Normal
1773656123.205861,35.190.68.134,10.125.24.100,Normal
1773656123.2067504,10.125.24.100,35.190.68.134,Normal
1773656123.207715,10.125.24.100,35.190.68.134,Normal
1773656123.2145648,10.125.24.100,35.190.68.134,Normal
1773656123.326713,35.190.68.134,10.125.24.100,Normal
1773656123.3302999,35.190.68.134,10.125.24.100,Normal
1773656123.332641,10.125.24.100,35.190.68.134,Normal
1773656123.3352525,10.125.24.100,35.190.68.134,Normal
1773656123.3373067,10.125.24.100,35.190.68.134,Normal
1773656123.3750284,10.125.24.100,35.190.68.134,Normal
1773656123.377003,10.125.24.100,35.190.68.134,Normal
1773656123.3784869,10.125.24.100,35.190.68.134,Normal
1773656123.3798912,35.190.68.134,10.125.24.100,Normal
1773656123.38175,35.190.68.134,10.125.24.100,Normal
1773656123.3838413,35.190.68.134,10.125.24.100,Normal
1773656123.3862238,35.190.68.134,10.125.24.100,Normal
1773656123.388155,10.125.24.100,35.190.68.134,Normal
1773656123.3897552,10.125.24.100,35.190.68.134,Normal
1773656123.3910866,35.190.68.134,10.125.24.100,Normal
1773656123.3923504,35.190.68.134,10.125.24.100,Normal
1773656123.3937037,35.190.68.134,10.125.24.100,Normal
1773656123.3949802,35.190.68.134,10.125.24.100,Normal
1773656124.0336945,10.125.24.100,20.189.173.9,Normal
1773656124.0454795,10.125.24.100,20.189.173.9,Normal
1773656124.2658381,20.189.173.9,10.125.24.100,Normal
1773656124.2704031,20.189.173.9,10.125.24.100,Normal
1773656124.2739513,20.189.173.9,10.125.24.100,Normal
1773656124.2778184,20.189.173.9,10.125.24.100,Normal
1773656124.3197956,10.125.24.100,20.189.173.9,Normal
1773656124.8343756,10.125.24.100,142.250.207.238,Normal
1773656125.2021484,10.125.24.100,23.98.86.4,Normal
1773656125.2138166,35.190.68.134,10.125.24.100,Normal
1773656125.2578478,23.98.86.4,10.125.24.100,Normal
1773656125.2647653,10.125.24.100,35.190.68.134,Normal
1773656125.278921,10.125.24.100,35.190.68.134,Normal
1773656125.2803404,10.125.24.100,35.190.68.134,Normal
1773656125.2815294,10.125.24.100,192.168.2.51,Normal
1773656125.2826772,10.125.24.100,192.168.2.51,Normal
1773656125.2838802,10.125.24.100,34.139.124.58,Normal
1773656125.2858045,192.168.2.51,10.125.24.100,Normal
1773656125.2869747,192.168.2.51,10.125.24.100,Normal
1773656125.288383,10.125.24.100,192.168.2.51,Normal
1773656125.2893493,10.125.24.100,192.168.2.51,Normal
1773656125.2904208,10.125.24.100,192.168.2.51,Normal
1773656125.2914526,10.125.24.100,192.168.2.51,Normal
1773656125.292391,10.125.24.100,192.168.2.51,Normal
1773656125.293372,10.125.24.100,192.168.2.51,Normal
1773656125.2942066,35.190.68.134,10.125.24.100,Normal
1773656125.2950552,35.190.68.134,10.125.24.100,Normal
1773656125.2960334,192.168.2.51,10.125.24.100,Normal
1773656125.2976122,192.168.2.51,10.125.24.100,Normal
1773656125.2985184,10.125.24.100,192.168.2.51,Normal
1773656125.2993226,192.168.2.51,10.125.24.100,Normal
1773656125.301144,192.168.2.51,10.125.24.100,Normal
1773656125.302673,192.168.2.51,10.125.24.100,Normal
1773656125.3038828,192.168.2.51,10.125.24.100,Normal
1773656125.3046944,10.125.24.100,192.168.2.51,Normal
1773656125.305336,10.125.24.100,192.168.2.51,Normal
1773656125.306173,10.125.24.100,142.250.207.142,Normal
1773656125.3070133,10.125.24.100,142.250.207.142,Normal
1773656125.3079853,192.168.2.51,10.125.24.100,Normal
1773656125.3091054,192.168.2.51,10.125.24.100,Normal
1773656125.3099036,10.125.24.100,192.168.2.51,Normal
1773656125.3108692,142.250.207.142,10.125.24.100,Normal
1773656125.311784,142.250.207.142,10.125.24.100,Normal
1773656125.3126657,142.250.207.142,10.125.24.100,Normal
1773656125.3135428,142.250.207.142,10.125.24.100,Normal
1773656125.314465,10.125.24.100,142.250.207.142,Normal
1773656125.3155904,142.250.207.142,10.125.24.100,Normal
1773656125.3165476,142.250.207.142,10.125.24.100,Normal
1773656125.3178163,142.250.207.142,10.125.24.100,Normal
1773656125.319274,10.125.24.100,142.250.207.142,Normal
1773656125.3207037,10.125.24.100,142.250.207.142,Normal
1773656125.321554,10.125.24.100,142.250.207.142,Normal
1773656125.3224294,142.250.207.142,10.125.24.100,Normal
1773656125.3232684,10.125.24.100,142.250.207.142,Normal
1773656125.3241158,10.125.24.100,142.250.207.142,Normal
1773656125.3249056,10.125.24.100,142.250.207.142,Normal
1773656125.3256876,10.125.24.100,142.250.207.142,Normal
1773656125.3264878,142.250.207.142,10.125.24.100,Normal
1773656125.3273036,10.125.24.100,142.250.207.142,Normal
1773656125.3282924,142.250.207.142,10.125.24.100,Normal
1773656125.3292022,142.250.207.142,10.125.24.100,Normal
1773656125.3301802,10.125.24.100,142.250.207.142,Normal
1773656125.3310957,142.250.207.142,10.125.24.100,Normal
1773656125.3319016,142.250.207.142,10.125.24.100,Normal
1773656125.332811,142.250.207.142,10.125.24.100,Normal
1773656125.333615,10.125.24.100,142.250.207.142,Normal
1773656125.3345976,142.250.207.142,10.125.24.100,Normal
1773656125.3355782,142.250.207.142,10.125.24.100,Normal
1773656125.3365126,142.250.207.142,10.125.24.100,Normal
1773656125.337336,142.250.207.142,10.125.24.100,Normal
1773656125.3380399,10.125.24.100,142.250.207.142,Normal
1773656125.3388035,10.125.24.100,142.250.207.142,Normal
1773656125.339686,142.250.207.142,10.125.24.100,Normal
1773656125.3430967,142.250.207.142,10.125.24.100,Normal
1773656125.344146,10.125.24.100,142.250.207.142,Normal
1773656125.3677752,10.125.24.100,142.250.207.142,Normal
1773656125.3740854,10.125.24.100,34.139.124.58,Normal
1773656125.4163988,142.250.207.142,10.125.24.100,Normal
1773656125.4188879,10.125.24.100,142.250.207.142,Normal
1773656125.4209116,10.125.24.100,142.250.207.142,Normal
1773656125.4233005,142.250.207.142,10.125.24.100,Normal
1773656125.4253163,10.125.24.100,142.250.207.142,Normal
1773656125.4274018,142.250.207.142,10.125.24.100,Normal
1773656125.4561968,142.250.207.142,10.125.24.100,Normal
1773656125.4574997,10.125.24.100,142.250.207.142,Normal
1773656125.5073628,34.139.124.58,10.125.24.100,Normal
1773656125.5093396,10.125.24.100,34.139.124.58,Normal
1773656125.5104,10.125.24.100,34.139.124.58,Normal
1773656125.598491,34.139.124.58,10.125.24.100,Normal
1773656125.6338491,10.125.24.100,34.139.124.58,Normal
1773656125.6367784,10.125.24.100,34.139.124.58,Normal
1773656125.7357154,34.139.124.58,10.125.24.100,Normal
1773656125.7393818,34.139.124.58,10.125.24.100,Normal
1773656125.7508595,34.139.124.58,10.125.24.100,Normal
1773656125.7527318,34.139.124.58,10.125.24.100,Normal
1773656125.7537043,10.125.24.100,34.139.124.58,Normal
1773656125.754658,10.125.24.100,34.139.124.58,Normal
1773656125.8252947,34.139.124.58,10.125.24.100,Normal
1773656126.0902388,34.139.124.58,10.125.24.100,Normal
1773656126.0938642,34.139.124.58,10.125.24.100,Normal
1773656126.0965889,10.125.24.100,34.139.124.58,Normal
1773656126.09904,10.125.24.100,34.139.124.58,Normal
1773656126.1016269,34.139.124.58,10.125.24.100,Normal
1773656126.131517,10.125.24.100,20.195.65.193,Normal
1773656126.1872737,20.195.65.193,10.125.24.100,Normal
1773656126.188845,10.125.24.100,20.189.173.9,Normal
1773656126.1911912,10.125.24.100,20.189.173.9,Normal
1773656126.1927779,10.125.24.100,20.189.173.9,Normal
1773656126.4075036,20.189.173.9,10.125.24.100,Normal
1773656126.409758,20.189.173.9,10.125.24.100,Normal
1773656126.4117305,20.189.173.9,10.125.24.100,Normal
1773656126.4137032,20.189.173.9,10.125.24.100,Normal
1773656126.4159527,20.189.173.9,10.125.24.100,Normal
1773656126.4187083,20.189.173.9,10.125.24.100,Normal
1773656126.4211915,20.189.173.9,10.125.24.100,Normal
1773656126.4242723,20.189.173.9,10.125.24.100,Normal
1773656126.473148,10.125.24.100,20.189.173.9,Normal
