timestamp,src_ip,dst_ip,attack 
1773485304.6111095,192.168.1.34,34.139.124.58,DoS
1773485305.6900022,192.168.1.34,57.144.43.32,DoS
1773485481.3828568,192.168.1.34,104.18.32.47,DoS
1773485481.6010783,192.168.1.34,104.18.32.47,DoS
1773485481.81536,192.168.1.34,104.18.32.47,DoS
1773485482.0624204,192.168.1.34,34.139.124.58,DoS
1773485482.09654,192.168.1.34,34.139.124.58,DoS
1773485482.1977048,192.168.1.34,140.82.114.26,DoS
1773485482.2225773,192.168.1.34,104.18.32.47,DoS
1773485482.3095937,192.168.1.34,34.139.124.58,DoS
1773485482.3289988,192.168.1.34,104.18.32.47,DoS
1773485482.395782,192.168.1.34,34.139.124.58,DoS
1773485482.4204092,192.168.1.34,34.139.124.58,DoS
1773485482.4843187,192.168.1.34,104.18.32.47,DoS
1773485482.7133672,192.168.1.34,104.18.32.47,DoS
1773485483.3066466,192.168.1.34,104.18.32.47,DoS
1773485483.6892958,192.168.1.34,20.44.10.123,DoS
1773485483.8637486,192.168.1.34,20.44.10.123,DoS
1773485483.9069963,192.168.1.34,20.44.10.123,DoS
1773485483.9263017,192.168.1.34,20.44.10.123,DoS
1773485483.9472902,192.168.1.34,104.18.32.47,DoS
1773485483.9696348,192.168.1.34,104.18.32.47,DoS
1773485484.0139627,192.168.1.34,104.18.32.47,DoS
1773485484.2041376,192.168.1.34,20.192.44.82,DoS
1773485484.28544,192.168.1.34,20.44.10.123,DoS
1773485484.3054748,192.168.1.34,20.44.10.123,DoS
1773485484.3289835,192.168.1.34,20.44.10.123,DoS
1773485484.3584898,192.168.1.34,34.139.124.58,DoS
1773485484.4849865,192.168.1.34,104.18.32.47,DoS
1773485484.5284681,192.168.1.34,20.44.10.123,DoS
1773485484.571661,192.168.1.34,20.44.10.123,DoS
1773485484.5919905,192.168.1.34,20.44.10.123,DoS
1773485484.6139808,192.168.1.34,20.44.10.123,DoS
1773485484.6364625,192.168.1.34,20.44.10.123,DoS
1773485484.6584392,192.168.1.34,20.44.10.123,DoS
1773485484.6952612,192.168.1.34,20.44.10.123,DoS
1773485484.7614484,192.168.1.34,34.139.124.58,DoS
1773485484.7826612,192.168.1.34,34.139.124.58,DoS
1773485485.0884802,192.168.1.34,20.44.10.123,DoS
1773485485.1071494,192.168.1.34,20.44.10.123,DoS
1773485485.1290724,192.168.1.34,20.44.10.123,DoS
1773485485.2469597,192.168.1.34,20.44.10.123,DoS
1773485485.2665179,192.168.1.34,20.44.10.123,DoS
1773485485.2915978,192.168.1.34,20.44.10.123,DoS
1773485485.3110547,192.168.1.34,172.64.155.209,DoS
1773485485.3909047,192.168.1.34,34.139.124.58,DoS
1773485485.4283268,192.168.1.34,172.64.155.209,DoS
1773485485.4541442,192.168.1.34,172.64.155.209,DoS
1773485485.4737372,192.168.1.34,34.139.124.58,DoS
1773485485.7298636,192.168.1.34,172.64.155.209,DoS
1773485485.7634637,192.168.1.34,20.44.10.123,DoS
1773485485.797045,192.168.1.34,172.64.155.209,DoS
1773485485.8426678,192.168.1.34,20.44.10.123,DoS
1773485485.9526405,192.168.1.34,172.64.155.209,DoS
1773485485.9736085,192.168.1.34,172.64.155.209,DoS
1773485486.000029,192.168.1.34,20.44.10.123,DoS
1773485486.0268729,192.168.1.34,20.44.10.123,DoS
1773485486.0764306,192.168.1.34,20.44.10.123,DoS
1773485486.1052084,192.168.1.34,35.186.224.35,DoS
1773485486.174083,192.168.1.34,104.18.32.47,DoS
1773485486.2003787,192.168.1.34,104.18.32.47,DoS
1773485486.2330475,192.168.1.34,104.18.32.47,DoS
1773485486.2659352,192.168.1.34,104.18.32.47,DoS
1773485486.2959294,192.168.1.34,104.18.32.47,DoS
1773485486.318275,192.168.1.34,104.18.32.47,DoS
1773485486.6838167,192.168.1.34,104.18.32.47,DoS
1773485486.703024,192.168.1.34,104.18.32.47,DoS
1773485486.8109803,192.168.1.34,104.18.32.47,DoS
1773485486.830809,192.168.1.34,104.18.32.47,DoS
1773485487.0138826,192.168.1.34,104.18.32.47,DoS
1773485487.0351906,192.168.1.34,104.18.32.47,DoS
1773485488.0130086,192.168.1.34,34.139.124.58,DoS
1773485488.0345986,192.168.1.34,34.139.124.58,DoS
1773485488.363588,192.168.1.34,104.18.32.47,DoS
1773485488.3934312,192.168.1.34,104.18.32.47,DoS
1773485488.4291728,192.168.1.34,104.18.32.47,DoS
1773485488.461448,192.168.1.34,104.18.32.47,DoS
1773485488.4927053,192.168.1.34,104.18.32.47,DoS
1773485488.5264053,192.168.1.34,104.18.32.47,DoS
1773485488.5534177,192.168.1.34,104.18.32.47,DoS
1773485488.584685,192.168.1.34,104.18.32.47,DoS
1773485488.6289327,192.168.1.34,20.44.10.123,DoS
1773485488.7164564,192.168.1.34,104.18.32.47,DoS
1773485488.7431881,192.168.1.34,104.18.32.47,DoS
1773485488.8117578,192.168.1.34,34.139.124.58,DoS
1773485488.9120076,192.168.1.34,34.139.124.58,DoS
1773485488.9602091,192.168.1.34,104.18.32.47,DoS
1773485489.000588,192.168.1.34,104.18.32.47,DoS
1773485489.043433,192.168.1.34,104.18.32.47,DoS
1773485489.380775,192.168.1.34,104.18.32.47,DoS
1773485489.4305632,192.168.1.34,104.18.32.47,DoS
1773485489.480161,192.168.1.34,142.251.222.110,DoS
1773485489.5198998,192.168.1.34,142.251.222.110,DoS
1773485489.5494728,192.168.1.34,142.251.222.110,DoS
1773485489.5782893,192.168.1.34,142.251.222.110,DoS
1773485489.9276187,192.168.1.34,142.251.222.110,DoS
1773485490.0208428,192.168.1.34,142.251.222.110,DoS
1773485490.1164944,192.168.1.34,142.251.222.110,DoS
1773485490.2593954,192.168.1.34,142.251.222.110,DoS
1773485490.3797455,192.168.1.34,142.251.222.110,DoS
1773485490.4618795,192.168.1.34,142.251.222.110,DoS
1773485491.342085,192.168.1.34,142.251.222.110,DoS
1773485491.7235465,192.168.1.34,142.251.222.110,DoS
1773485491.796221,192.168.1.34,142.251.222.110,DoS
1773485491.8746352,192.168.1.34,20.44.10.123,DoS
1773485491.9121766,192.168.1.34,20.44.10.123,DoS
1773485492.2656114,192.168.1.34,20.44.10.123,DoS
1773485492.3063023,192.168.1.34,34.139.124.58,DoS
1773485492.3450098,192.168.1.34,34.139.124.58,DoS
1773485492.439229,192.168.1.34,34.139.124.58,DoS
1773485492.4624078,192.168.1.34,34.139.124.58,DoS
1773485492.5440514,192.168.1.34,104.18.39.21,DoS
1773485492.5999086,192.168.1.34,172.64.155.209,DoS
1773485492.6827264,192.168.1.34,172.64.155.209,DoS
1773485492.725216,192.168.1.34,172.64.155.209,DoS
1773485492.8805828,192.168.1.34,172.64.155.209,DoS
1773485492.902373,192.168.1.34,172.64.155.209,DoS
1773485492.9252768,192.168.1.34,172.64.155.209,DoS
1773485492.9467795,192.168.1.34,172.64.155.209,DoS
1773485492.967938,192.168.1.34,172.64.155.209,DoS
1773485493.0113435,192.168.1.34,172.64.155.209,DoS
1773485493.0341523,192.168.1.34,172.64.155.209,DoS
1773485493.1163936,192.168.1.34,172.64.155.209,DoS
1773485493.1742585,192.168.1.34,172.64.155.209,DoS
1773485493.2056103,192.168.1.34,172.64.155.209,DoS
1773485493.2695198,192.168.1.34,172.64.155.209,DoS
1773485493.364608,192.168.1.34,172.64.155.209,DoS
1773485493.47295,192.168.1.34,104.18.32.47,DoS
1773485493.496656,192.168.1.34,104.18.32.47,DoS
1773485493.5241747,192.168.1.34,35.186.224.35,DoS
1773485493.5965586,192.168.1.34,20.44.10.123,DoS
1773485493.6234052,192.168.1.34,20.44.10.123,DoS
1773485493.6470985,192.168.1.34,35.186.224.35,DoS
1773485493.8551908,192.168.1.34,20.44.10.123,DoS
1773485493.9037464,192.168.1.34,20.44.10.123,DoS
1773485493.9352856,192.168.1.34,20.44.10.123,DoS
1773485493.9584148,192.168.1.34,20.44.10.123,DoS
1773485493.980611,192.168.1.34,20.192.44.82,DoS
1773485494.0937836,192.168.1.34,20.44.10.123,DoS
1773485494.1159184,192.168.1.34,34.139.124.58,DoS
1773485494.1825974,192.168.1.34,34.139.124.58,DoS
1773485494.2060149,192.168.1.34,34.139.124.58,DoS
1773485494.2298915,192.168.1.34,104.18.32.47,DoS
1773485494.2536995,192.168.1.34,104.18.32.47,DoS
1773485494.5385444,192.168.1.34,34.139.124.58,DoS
1773485494.5608516,192.168.1.34,34.139.124.58,DoS
1773485494.6495767,192.168.1.34,104.18.32.47,DoS
1773485494.6749396,192.168.1.34,104.18.32.47,DoS
1773485494.7306693,192.168.1.34,34.49.39.67,DoS
1773485494.7847474,192.168.1.34,34.49.39.67,DoS
1773485494.8107505,192.168.1.34,34.49.39.67,DoS
1773485494.8326995,192.168.1.34,20.44.10.123,DoS
1773485494.891676,192.168.1.34,34.49.39.67,DoS
1773485494.934289,192.168.1.34,34.49.39.67,DoS
1773485494.9859846,192.168.1.34,20.44.10.123,DoS
1773485495.0329702,192.168.1.34,20.44.10.123,DoS
1773485495.0589814,192.168.1.34,20.44.10.123,DoS
1773485495.1461535,192.168.1.34,34.49.39.67,DoS
1773485495.1687977,192.168.1.34,34.49.39.67,DoS
1773485495.1917362,192.168.1.34,34.49.39.67,DoS
1773485495.2179902,192.168.1.34,34.49.39.67,DoS
1773485495.2445898,192.168.1.34,104.18.32.47,DoS
1773485495.7284212,192.168.1.34,142.250.206.99,DoS
1773485495.8948638,192.168.1.34,20.44.10.123,DoS
1773485495.91979,192.168.1.34,20.44.10.123,DoS
1773485495.9500363,192.168.1.34,20.44.10.123,DoS
1773485496.1055763,192.168.1.34,104.18.32.47,DoS
1773485496.1768837,192.168.1.34,192.178.211.84,DoS
1773485496.200664,192.168.1.34,192.178.211.84,DoS
1773485496.2268326,192.168.1.34,104.18.32.47,DoS
1773485496.5445673,192.168.1.34,192.178.211.84,DoS
1773485496.5754452,192.168.1.34,192.178.211.84,DoS
1773485496.614099,192.168.1.34,192.178.211.84,DoS
1773485496.845399,192.168.1.34,20.44.10.123,DoS
1773485496.8727953,192.168.1.34,20.44.10.123,DoS
1773485496.901462,192.168.1.34,20.44.10.123,DoS
1773485496.9303858,192.168.1.34,20.44.10.123,DoS
1773485496.96067,192.168.1.34,20.44.10.123,DoS
1773485496.9968247,192.168.1.34,20.44.10.123,DoS
1773485497.079656,192.168.1.34,192.178.211.84,DoS
1773485497.1035979,192.168.1.34,20.44.10.123,DoS
1773485497.129834,192.168.1.34,192.178.211.84,DoS
1773485497.1575086,192.168.1.34,192.178.211.84,DoS
1773485497.186308,192.168.1.34,192.178.211.84,DoS
1773485497.209951,192.168.1.34,192.178.211.84,DoS
1773485497.2352386,192.168.1.34,192.178.211.84,DoS
1773485497.3419409,192.168.1.34,192.178.211.84,DoS
1773485497.389892,192.168.1.34,192.178.211.84,DoS
1773485497.4981685,192.168.1.34,192.178.211.84,DoS
1773485497.5217905,192.168.1.34,192.178.211.84,DoS
1773485497.548207,192.168.1.34,192.178.211.84,DoS
1773485497.5769155,192.168.1.34,192.178.211.84,DoS
1773485497.876935,192.168.1.34,20.44.10.123,DoS
1773485498.0990627,192.168.1.34,20.44.10.123,DoS
1773485498.2456138,192.168.1.34,20.44.10.123,DoS
1773485498.2689016,192.168.1.34,20.44.10.123,DoS
1773485619.7747397,192.168.1.34,104.18.39.21,DoS
1773485619.8005521,192.168.1.34,104.18.32.47,DoS
1773485619.8257089,192.168.1.34,104.18.32.47,DoS
1773485620.1161582,192.168.1.34,104.18.32.47,DoS
1773485620.2421026,192.168.1.34,34.139.124.58,DoS
1773485620.266032,192.168.1.34,34.139.124.58,DoS
1773485620.3134885,192.168.1.34,104.18.39.21,DoS
1773485620.3385475,192.168.1.34,52.168.117.169,DoS
1773485620.5292137,192.168.1.34,104.18.32.47,DoS
1773485620.5549352,192.168.1.34,104.18.32.47,DoS
1773485620.577757,192.168.1.34,104.18.32.47,DoS
1773485620.6059017,192.168.1.34,104.18.32.47,DoS
1773485620.797107,192.168.1.34,162.159.134.234,DoS
1773485620.8198743,192.168.1.34,104.18.39.21,DoS
1773485620.8636284,192.168.1.34,20.192.44.82,DoS
1773485620.92662,192.168.1.34,104.18.39.21,DoS
1773485621.5374167,192.168.1.34,52.168.117.169,DoS
1773485621.5716398,192.168.1.34,52.168.117.169,DoS
1773485621.7283437,192.168.1.34,34.139.124.58,DoS
1773485622.0171356,192.168.1.34,34.139.124.58,DoS
1773485622.0395334,192.168.1.34,34.139.124.58,DoS
1773485622.2417483,192.168.1.34,34.139.124.58,DoS
1773485622.2658136,192.168.1.34,34.139.124.58,DoS
1773485622.3099873,192.168.1.34,52.168.117.169,DoS
1773485623.7046247,192.168.1.34,52.168.117.169,DoS
1773485623.7378242,192.168.1.34,52.168.117.169,DoS
1773485623.7926834,192.168.1.34,34.139.124.58,DoS
1773485623.823258,192.168.1.34,34.139.124.58,DoS
1773485624.011675,192.168.1.34,52.168.117.169,DoS
1773485624.0555465,192.168.1.34,34.139.124.58,DoS
1773485624.1187518,192.168.1.34,34.139.124.58,DoS
1773485624.23776,192.168.1.34,52.168.117.169,DoS
1773485625.8601594,192.168.1.34,52.168.117.169,DoS
1773485625.897414,192.168.1.34,52.168.117.169,DoS
1773485625.9691393,192.168.1.34,34.139.124.58,DoS
1773485626.0107126,192.168.1.34,34.139.124.58,DoS
1773485626.2655776,192.168.1.34,52.168.117.169,DoS
1773485626.4486763,192.168.1.34,34.139.124.58,DoS
1773485626.4810498,192.168.1.34,34.139.124.58,DoS
1773485626.5032513,192.168.1.34,20.192.44.82,DoS
1773485627.9985807,192.168.1.34,52.168.117.169,DoS
1773485628.025475,192.168.1.34,52.168.117.169,DoS
1773485628.0965202,192.168.1.34,162.159.134.234,DoS
1773485628.1508427,192.168.1.34,34.139.124.58,DoS
1773485628.362138,192.168.1.34,52.168.117.169,DoS
1773485628.449713,192.168.1.34,34.139.124.58,DoS
1773485628.4715025,192.168.1.34,34.139.124.58,DoS
1773485628.4978116,192.168.1.34,162.159.134.234,DoS
1773485628.7065153,192.168.1.34,34.139.124.58,DoS
1773485628.7277043,192.168.1.34,34.139.124.58,DoS
1773485629.2470965,192.168.1.34,104.18.39.21,DoS
1773485629.5724254,192.168.1.34,4.213.25.241,DoS
1773485629.6128361,192.168.1.34,4.213.25.241,DoS
1773485630.1536086,192.168.1.34,52.168.117.169,DoS
1773485630.176402,192.168.1.34,52.168.117.169,DoS
1773485630.2804534,192.168.1.34,34.139.124.58,DoS
1773485630.301573,192.168.1.34,34.139.124.58,DoS
1773485630.484393,192.168.1.34,52.168.117.169,DoS
1773485630.6072502,192.168.1.34,34.139.124.58,DoS
1773485630.6252048,192.168.1.34,34.139.124.58,DoS
1773485630.9362147,192.168.1.34,20.192.44.82,DoS
1773485632.147524,192.168.1.34,104.199.241.202,DoS
1773485632.3102322,192.168.1.34,52.168.117.169,DoS
1773485632.3347118,192.168.1.34,52.168.117.169,DoS
1773485632.3572502,192.168.1.34,52.168.117.169,DoS
1773485632.3813992,192.168.1.34,104.199.241.202,DoS
1773485632.423557,192.168.1.34,34.139.124.58,DoS
1773485632.4469953,192.168.1.34,34.139.124.58,DoS
1773485632.4700086,192.168.1.34,142.251.222.110,DoS
1773485632.494728,192.168.1.34,142.251.222.110,DoS
1773485632.534985,192.168.1.34,142.251.222.110,DoS
1773485632.7971065,192.168.1.34,34.139.124.58,DoS
1773485632.8144817,192.168.1.34,142.251.222.110,DoS
1773485632.8355203,192.168.1.34,34.139.124.58,DoS
1773485632.8718214,192.168.1.34,52.168.117.169,DoS
1773485632.891684,192.168.1.34,142.251.222.110,DoS
1773485633.144924,192.168.1.34,52.123.164.85,DoS
1773485633.2576978,192.168.1.34,52.123.164.85,DoS
1773485633.755852,192.168.1.34,162.159.134.234,DoS
1773485633.976078,192.168.1.34,162.159.134.234,DoS
1773485634.5529845,192.168.1.34,34.139.124.58,DoS
1773485634.7355077,192.168.1.34,52.168.117.169,DoS
1773485634.7583017,192.168.1.34,52.168.117.169,DoS
1773485634.8750525,192.168.1.34,34.139.124.58,DoS
1773485634.8911946,192.168.1.34,34.139.124.58,DoS
1773485635.0528314,192.168.1.34,52.168.117.169,DoS
1773506868.950306,192.168.1.34,172.64.155.209,Normal
1773506868.9722276,172.64.155.209,192.168.1.34,Normal
1773506869.2316415,192.168.1.34,239.255.255.250,Normal
1773506870.1933672,34.139.124.58,192.168.1.34,Normal
1773506870.7236454,192.168.1.34,224.0.0.252,Normal
1773506870.7406313,192.168.1.34,224.0.0.251,Normal
1773506871.0006888,192.168.1.35,224.0.0.251,Normal
1773506871.1773238,192.168.1.34,162.159.129.235,Normal
1773506871.2798407,162.159.129.235,192.168.1.34,Normal
1773506871.4117346,162.159.136.234,192.168.1.34,Normal
1773506871.5098119,192.168.1.34,162.159.136.234,Normal
1773506872.6400964,192.168.1.40,192.168.1.34,Normal
1773506872.6744375,192.168.1.34,192.168.1.40,Normal
1773506873.2468505,192.168.1.34,23.217.53.25,Normal
1773506873.2644355,23.217.53.25,192.168.1.34,Normal
1773506873.354155,162.159.129.235,192.168.1.34,Normal
1773506873.4397578,192.168.1.34,162.159.129.235,Normal
1773506874.4073024,34.139.124.58,192.168.1.34,Normal
1773506874.50609,162.159.128.233,192.168.1.34,Normal
1773506874.5477648,192.168.1.34,162.159.128.233,Normal
1773506874.8175228,162.159.136.234,192.168.1.34,Normal
1773506874.8618188,192.168.1.34,162.159.136.234,Normal
1773506875.6617584,52.123.164.85,192.168.1.34,Normal
1773506875.7113426,192.168.1.34,52.123.164.85,Normal
1773506876.6085184,34.139.124.58,192.168.1.34,Normal
1773506877.1483793,20.189.173.9,192.168.1.34,Normal
1773506877.1650002,192.168.1.34,20.189.173.9,Normal
1773506877.695998,192.168.1.40,192.168.1.34,Normal
1773506877.7128386,192.168.1.34,192.168.1.40,Normal
1773506880.067438,20.189.173.9,192.168.1.34,Normal
1773506880.1962087,192.168.1.34,34.49.39.67,Normal
1773506880.2191572,34.49.39.67,192.168.1.34,Normal
1773506880.2372055,192.168.1.34,49.128.160.13,Normal
1773506880.253591,192.168.1.34,49.128.160.13,Normal
1773506880.2746346,49.128.160.13,192.168.1.34,Normal
1773506880.2931616,49.128.160.13,192.168.1.34,Normal
1773506880.3101594,192.168.1.34,216.239.34.223,Normal
1773506880.329342,216.239.34.223,192.168.1.34,Normal
1773506881.1206815,140.82.114.21,192.168.1.34,Normal
1773506881.2104719,192.168.1.34,140.82.114.21,Normal
1773506881.2311358,192.168.1.34,140.82.114.21,Normal
1773506881.5544589,192.168.1.34,173.194.52.134,Normal
1773506881.5729506,173.194.52.134,192.168.1.34,Normal
1773506881.591414,192.168.1.34,140.82.114.21,Normal
1773506881.6086488,140.82.114.21,192.168.1.34,Normal
1773506881.6269867,140.82.114.21,192.168.1.34,Normal
1773506881.6451561,104.18.39.21,192.168.1.34,Normal
1773506881.6610713,192.168.1.34,104.18.39.21,Normal
1773506881.6773775,192.168.1.1,224.0.0.1,Normal
1773506882.150159,20.189.173.9,192.168.1.34,Normal
1773506882.4764585,192.168.1.34,20.192.44.82,Normal
1773506882.499544,20.192.44.82,192.168.1.34,Normal
1773506882.616637,192.168.1.34,140.82.114.26,Normal
1773506882.7195497,192.168.1.40,192.168.1.34,Normal
1773506882.7583938,192.168.1.34,192.168.1.40,Normal
1773506882.8737721,104.18.32.47,192.168.1.34,Normal
1773506882.89392,192.168.1.34,104.18.32.47,Normal
1773506882.9568982,140.82.114.26,192.168.1.34,Normal
1773506883.0024984,34.139.124.58,192.168.1.34,Normal
1773506884.0389314,192.168.1.34,151.101.2.217,Normal
1773506884.056512,151.101.2.217,192.168.1.34,Normal
1773506884.538268,20.192.44.82,192.168.1.34,Normal
1773506884.5610266,192.168.1.34,20.192.44.82,Normal
1773506884.7115657,192.168.1.34,224.0.0.251,Normal
1773506884.7292125,192.168.1.34,23.98.86.4,Normal
1773506884.7893906,23.98.86.4,192.168.1.34,Normal
1773507442.5071995,192.168.1.40,192.168.1.34,Normal
1773507442.527262,192.168.1.34,192.168.1.40,Normal
1773507443.0099955,192.168.1.34,20.50.201.200,Normal
1773507443.02721,20.50.201.200,192.168.1.34,Normal
1773507443.0689654,192.168.1.34,192.178.211.188,Normal
1773507443.0873525,192.178.211.188,192.168.1.34,Normal
1773507443.4482944,162.159.136.234,192.168.1.34,Normal
1773507443.519778,192.168.1.34,162.159.136.234,Normal
1773507444.4106343,192.168.1.34,142.251.220.78,Normal
1773507444.4282382,142.251.220.78,192.168.1.34,Normal
1773507444.462719,34.139.124.58,192.168.1.34,Normal
1773507444.765869,192.168.1.34,23.215.4.153,Normal
1773507444.811686,23.215.4.153,192.168.1.34,Normal
1773507445.982128,192.168.1.34,52.108.9.12,Normal
1773507445.9991727,52.108.9.12,192.168.1.34,Normal
1773507446.694159,192.168.1.34,49.128.160.13,Normal
1773507446.7259405,192.168.1.34,49.128.160.13,Normal
1773507446.7589183,49.128.160.13,192.168.1.34,Normal
1773507446.8021963,49.128.160.13,192.168.1.34,Normal
1773507446.837426,192.168.1.34,239.255.255.250,Normal
1773507446.8555412,34.139.124.58,192.168.1.34,Normal
1773507447.208422,192.168.1.34,224.0.0.252,Normal
1773507447.4491837,192.168.1.34,192.168.1.40,Normal
1773507447.4663434,23.98.86.4,192.168.1.34,Normal
1773507447.4844313,192.168.1.34,20.192.44.82,Normal
1773507447.5002997,192.168.1.34,23.98.86.4,Normal
1773507447.525728,192.168.1.40,192.168.1.34,Normal
1773507447.5631585,20.192.44.82,192.168.1.34,Normal
1773507448.1620252,162.159.129.235,192.168.1.34,Normal
1773507448.21851,192.168.1.34,162.159.129.235,Normal
1773507449.6108694,192.168.1.34,74.125.250.129,Normal
1773507449.6268606,74.125.250.129,192.168.1.34,Normal
1773507450.3460042,192.168.1.34,103.180.115.14,Normal
1773507450.392946,103.180.115.14,192.168.1.34,Normal
1773507450.8612804,34.139.124.58,192.168.1.34,Normal
1773507450.8780556,162.159.129.235,192.168.1.34,Normal
1773507450.8939931,192.168.1.34,162.159.129.235,Normal
1773507450.9877737,52.108.186.3,192.168.1.34,Normal
1773507451.0214303,192.168.1.34,52.108.186.3,Normal
1773507451.2103372,52.123.164.109,192.168.1.34,Normal
1773507451.2366724,192.168.1.34,52.123.164.109,Normal
1773507451.2535772,192.168.1.1,224.0.0.1,Normal
1773507452.499576,192.168.1.34,192.168.1.40,Normal
1773507452.6302254,192.168.1.40,192.168.1.34,Normal
1773507453.2760882,150.171.22.12,192.168.1.34,Normal
1773507453.3208933,192.168.1.34,150.171.22.12,Normal
1773507453.633417,13.204.106.34,192.168.1.34,Normal
1773507453.6573532,192.168.1.34,13.204.106.34,Normal
1773507453.823069,192.168.1.1,224.0.0.1,Normal
1773507454.2350922,192.168.1.34,224.0.0.251,Normal
1773507454.5429294,52.168.112.66,192.168.1.34,Normal
1773507454.5627334,192.168.1.34,52.168.112.66,Normal
1773507454.7211776,192.168.1.34,23.98.86.4,Normal
1773507454.7414017,192.168.1.34,104.29.138.176,Normal
1773507454.7797225,104.29.138.176,192.168.1.34,Normal
1773507454.8419676,23.98.86.4,192.168.1.34,Normal
1773507455.3792722,192.168.1.34,162.159.129.235,Normal
1773507455.4087865,162.159.129.235,192.168.1.34,Normal
1773507457.3015604,52.168.112.66,192.168.1.34,Normal
1773507457.3285668,34.139.124.58,192.168.1.34,Normal
1773507457.3561924,192.168.1.34,20.192.44.82,Normal
1773507457.3769512,20.192.44.82,192.168.1.34,Normal
1773507457.4075336,192.168.1.34,34.139.124.58,Normal
1773507457.5692444,192.168.1.40,192.168.1.34,Normal
1773507457.6006682,192.168.1.34,192.168.1.40,Normal
1773507460.4473927,192.168.1.34,172.217.159.70,Normal
1773507460.462774,172.217.159.70,192.168.1.34,Normal
1773507460.4865718,192.168.1.34,172.64.155.209,Normal
1773507460.5024023,172.64.155.209,192.168.1.34,Normal
1773507460.7058675,192.168.1.34,239.255.255.250,Normal
1773507461.150486,162.159.136.234,192.168.1.34,Normal
1773507461.176772,192.168.1.34,162.159.136.234,Normal
1773507461.5301082,104.18.39.21,192.168.1.34,Normal
1773507461.5489662,192.168.1.34,104.18.39.21,Normal
1773507462.6503973,192.168.1.34,192.168.1.40,Normal
1773507462.6684086,192.168.1.40,192.168.1.34,Normal
1773507463.130218,192.168.1.34,52.168.112.66,Normal
1773507463.1479821,52.168.112.66,192.168.1.34,Normal
1773507463.4916763,192.168.1.34,20.192.44.82,Normal
1773507463.5146198,20.192.44.82,192.168.1.34,Normal
1773507463.7878428,34.139.124.58,192.168.1.34,Normal
1773507464.306418,23.217.53.22,192.168.1.34,Normal
1773507464.3228612,192.168.1.34,23.217.53.22,Normal
1773507464.60935,162.159.129.235,192.168.1.34,Normal
1773507464.636171,192.168.1.34,162.159.129.235,Normal
1773507466.2516565,192.168.1.34,10.100.103.33,Normal
1773507466.2699635,192.168.1.34,10.110.9.134,Normal
1773507466.2855968,192.168.1.34,10.125.162.118,Normal
1773509058.3762164,20.192.44.82,192.168.1.34,Normal
1773509058.4005399,192.168.1.34,20.192.44.82,Normal
1773509058.5224395,192.168.1.34,49.128.160.13,Normal
1773509058.5463274,192.168.1.34,49.128.160.13,Normal
1773509058.568483,49.128.160.13,192.168.1.34,Normal
1773509058.592913,49.128.160.13,192.168.1.34,Normal
1773509058.6155086,192.168.1.34,23.98.86.4,Normal
1773509058.7454658,23.98.86.4,192.168.1.34,Normal
1773509058.7718947,192.168.1.34,142.251.220.14,Normal
1773509058.8089046,142.251.220.14,192.168.1.34,Normal
1773509060.237134,192.168.1.1,224.0.0.1,Normal
1773509060.3598664,150.171.22.12,192.168.1.34,Normal
1773509060.387007,192.168.1.34,150.171.22.12,Normal
1773509060.4743443,192.168.1.34,20.207.73.85,Normal
1773509060.4962156,20.207.73.85,192.168.1.34,Normal
1773509060.693811,192.168.1.34,20.42.65.88,Normal
1773509060.7231286,20.42.65.88,192.168.1.34,Normal
1773509062.0326211,52.123.164.67,192.168.1.34,Normal
1773509062.0537844,192.168.1.34,52.123.164.67,Normal
1773509062.214286,192.168.1.34,224.0.0.252,Normal
1773509062.9401011,34.139.124.58,192.168.1.34,Normal
1773509063.091386,192.168.1.34,35.160.8.114,Normal
1773509063.1932902,192.168.1.1,224.0.0.1,Normal
1773509063.3589723,35.160.8.114,192.168.1.34,Normal
1773509064.0201645,192.168.1.34,20.192.44.82,Normal
1773509064.0482688,20.192.44.82,192.168.1.34,Normal
1773509064.1448276,35.160.8.114,192.168.1.34,Normal
1773509064.168153,192.168.1.34,35.160.8.114,Normal
1773509064.8552716,20.42.65.88,192.168.1.34,Normal
1773509064.879911,192.168.1.34,20.42.65.88,Normal
1773509066.1051102,162.159.135.234,192.168.1.34,Normal
1773509066.131036,192.168.1.34,162.159.135.234,Normal
1773509066.5399656,140.82.112.22,192.168.1.34,Normal
1773509066.560619,192.168.1.34,140.82.112.22,Normal
1773509066.5833845,192.168.1.34,10.200.190.27,Normal
1773509066.6071596,192.168.1.34,10.100.43.42,Normal
1773509066.9520054,162.159.130.235,192.168.1.34,Normal
1773509067.0110295,192.168.1.34,162.159.130.235,Normal
1773509067.311402,20.42.65.88,192.168.1.34,Normal
1773509067.3509736,192.168.1.34,20.42.65.88,Normal
1773509068.6675355,192.168.1.34,10.200.190.27,Normal
1773509068.6900048,192.168.1.34,10.100.43.42,Normal
1773509068.713409,192.168.1.34,224.0.0.251,Normal
1773509068.9863458,192.168.1.34,49.128.160.14,Normal
1773509069.3760462,34.139.124.58,192.168.1.34,Normal
1773509069.718666,192.168.1.34,239.255.255.250,Normal
1773509069.970172,192.168.1.34,49.128.160.13,Normal
1773509069.9941666,49.128.160.13,192.168.1.34,Normal
1773509070.0200036,192.168.1.34,20.192.44.82,Normal
1773509070.040872,20.192.44.82,192.168.1.34,Normal
1773509070.7469256,192.168.1.34,20.42.65.88,Normal
1773509070.7687314,20.42.65.88,192.168.1.34,Normal
1773509071.2213535,192.168.1.34,224.0.0.252,Normal
1773509071.5294645,192.168.1.34,104.18.39.21,Normal
1773509071.5579956,104.18.39.21,192.168.1.34,Normal
1773509072.5959017,192.168.1.34,10.200.190.27,Normal
1773509072.6183834,192.168.1.34,10.100.43.42,Normal
1773509073.3436599,20.192.44.82,192.168.1.34,Normal
1773509073.3961737,192.168.1.34,20.192.44.82,Normal
1773509074.0402472,162.159.135.234,192.168.1.34,Normal
1773509074.0650709,192.168.1.34,162.159.135.234,Normal
1773509075.1911802,192.168.1.34,20.42.65.88,Normal
1773509075.2106855,20.42.65.88,192.168.1.34,Normal
1773509075.3759856,150.171.22.12,192.168.1.34,Normal
1773509075.4023511,192.168.1.34,150.171.22.12,Normal
1773509075.487668,20.207.73.82,192.168.1.34,Normal
1773509075.5117223,192.168.1.34,20.207.73.82,Normal
1773509075.8159885,34.139.124.58,192.168.1.34,Normal
1773509076.021234,20.207.73.85,192.168.1.34,Normal
1773509076.0544474,192.168.1.34,20.207.73.85,Normal
1773509076.5081985,192.168.1.34,49.128.160.14,Normal
1773509076.9187477,192.168.1.34,140.82.112.25,Normal
1773509077.1838741,192.168.1.34,52.108.36.38,Normal
1773509077.2110393,140.82.112.25,192.168.1.34,Normal
1773509077.494382,52.108.36.38,192.168.1.34,Normal
1773509077.5922978,192.168.1.34,49.128.160.13,Normal
1773509077.6182353,49.128.160.13,192.168.1.34,Normal
1773509077.7342272,20.42.65.88,192.168.1.34,Normal
1773509078.144238,20.207.73.82,192.168.1.34,Normal
1773509078.1701796,192.168.1.34,20.207.73.82,Normal
1773509078.2480116,192.168.1.1,224.0.0.1,Normal
1773509079.1613033,162.159.135.234,192.168.1.34,Normal
1773509079.1977453,192.168.1.34,162.159.135.234,Normal
1773509080.4048924,34.139.124.58,192.168.1.34,Normal
1773509080.6510587,192.168.1.34,10.100.43.42,Normal
1773509080.7150784,192.168.1.34,10.200.190.27,Normal
1773509080.779388,192.168.1.34,20.42.65.88,Normal
1773509080.8447888,20.42.65.88,192.168.1.34,Normal
1773509080.8987322,192.168.1.34,162.159.130.235,Normal
1773509080.9599843,162.159.130.235,192.168.1.34,Normal
1773509081.3542504,192.168.1.34,239.255.255.250,Normal
1773509082.0607429,162.159.135.234,192.168.1.34,Normal
1773509082.1539853,192.168.1.34,162.159.135.234,Normal
1773509082.6302474,34.139.124.58,192.168.1.34,Normal
1773509082.7640676,192.168.1.34,34.139.124.58,Normal
1773509083.2814367,20.42.65.88,192.168.1.34,Normal
1773656164.235848,34.139.124.58,10.125.24.100,Normal
1773656166.2986143,10.125.24.100,34.49.39.67,Normal
1773656166.3194885,34.49.39.67,10.125.24.100,Normal
1773656166.3415742,10.125.24.100,13.227.249.18,Normal
1773656166.3589215,13.227.249.18,10.125.24.100,Normal
1773656166.3766997,10.125.24.100,142.250.207.238,Normal
1773656167.6414654,172.188.155.25,10.125.24.100,Normal
1773656167.6669033,10.125.24.100,172.188.155.25,Normal
1773656167.6837246,10.125.24.100,216.58.203.10,Normal
1773656167.7029023,216.58.203.10,10.125.24.100,Normal
1773656168.5442903,34.139.124.58,10.125.24.100,Normal
1773656169.882795,10.125.24.100,13.89.178.27,Normal
1773656169.9176905,10.125.24.100,13.89.178.27,Normal
1773656169.9345746,10.125.24.100,142.251.42.238,Normal
1773656169.9542787,142.251.42.238,10.125.24.100,Normal
1773656169.9710321,13.89.178.27,10.125.24.100,Normal
1773656169.9897704,13.89.178.27,10.125.24.100,Normal
1773656170.0075576,20.195.65.193,10.125.24.100,Normal
1773656170.0249307,10.125.24.100,20.195.65.193,Normal
1773656170.0428689,10.125.24.100,20.195.65.193,Normal
1773656170.0600138,20.195.65.193,10.125.24.100,Normal
1773656170.560554,52.123.173.249,10.125.24.100,Normal
1773656170.6577144,10.125.24.100,52.123.173.249,Normal
1773656170.6780477,34.139.124.58,10.125.24.100,Normal
1773656172.155176,10.125.24.100,142.250.207.238,Normal
1773656172.1732068,142.251.220.67,10.125.24.100,Normal
1773656172.1917274,10.125.24.100,142.251.220.67,Normal
1773656172.6969895,10.125.24.100,142.250.207.142,Normal
1773656172.7136724,142.250.207.142,10.125.24.100,Normal
1773656172.7330563,10.125.24.100,192.168.2.51,Normal
1773656172.7503414,10.125.24.100,192.168.2.51,Normal
1773656172.7682822,192.168.2.51,10.125.24.100,Normal
1773656172.7884624,192.168.2.51,10.125.24.100,Normal
1773656172.9317412,10.125.24.100,4.195.15.176,Normal
1773656173.0528908,4.195.15.176,10.125.24.100,Normal
1773656174.8269024,10.125.24.100,20.195.65.193,Normal
1773656174.8483734,20.195.65.193,10.125.24.100,Normal
1773656175.0674505,10.125.24.100,142.251.222.99,Normal
1773656175.0901215,142.251.222.99,10.125.24.100,Normal
1773656175.9691942,10.125.24.100,35.82.117.226,Normal
1773656175.9921703,35.82.117.226,10.125.24.100,Normal
1773656176.8381577,10.125.24.100,35.190.68.134,Normal
1773656176.8588111,35.190.68.134,10.125.24.100,Normal
1773656177.2154431,172.64.148.235,10.125.24.100,Normal
1773656177.2337053,10.125.24.100,172.64.148.235,Normal
1773656178.2072601,10.125.24.100,20.195.65.193,Normal
1773656178.2323995,20.195.65.193,10.125.24.100,Normal
1773656179.1209142,20.195.65.193,10.125.24.100,Normal
1773656179.1548576,10.125.24.100,20.195.65.193,Normal
