10.125.14.6,224.0.0.251,Normal
10.125.14.6,224.0.0.251,Normal
10.125.14.6,224.0.0.251,Normal
10.125.27.6,224.0.0.251,Normal
10.125.11.241,239.255.255.250,Normal
10.125.20.163,224.0.0.251,Normal
10.125.36.158,224.0.0.251,Normal
10.125.36.138,224.0.0.251,Normal
23.37.85.62,10.125.35.8,Normal
23.37.85.62,10.125.35.8,Normal
10.125.35.8,23.37.85.62,Normal
10.125.35.8,23.37.85.62,Normal
10.125.35.8,23.37.85.62,Normal
10.125.35.8,23.37.85.62,Normal
20.195.65.193,10.125.35.8,Normal
20.42.65.90,10.125.35.8,Normal
20.42.65.90,10.125.35.8,Normal
20.42.65.90,10.125.35.8,Normal
20.42.65.90,10.125.35.8,Normal
20.42.65.90,10.125.35.8,Normal
10.125.35.8,20.42.65.90,Normal
10.125.35.8,20.42.65.90,Normal
10.125.35.8,20.42.65.90,Normal
10.125.35.8,20.42.65.90,Normal
10.125.35.8,20.42.65.90,Normal
10.125.35.8,20.42.65.90,Normal
10.125.35.8,20.195.65.193,Normal
142.250.195.228,10.125.35.8,Normal
142.250.195.228,10.125.35.8,Normal
10.125.35.8,142.250.195.228,Normal
10.125.35.8,142.250.195.228,Normal
0.0.0.0,255.255.255.255,Normal
0.0.0.0,255.255.255.255,Normal
10.125.1.133,224.0.0.251,Normal
10.125.33.153,224.0.0.251,Normal
10.125.7.45,224.0.0.251,Normal
10.125.37.170,224.0.0.251,Normal
10.125.24.82,224.0.0.251,Normal
10.125.36.226,224.0.0.251,Normal
10.125.27.154,224.0.0.252,Normal
10.125.65.248,224.0.0.251,Normal
10.125.16.103,224.0.0.251,Normal
10.125.7.45,239.255.255.250,Normal
10.125.37.196,224.0.0.251,Normal
10.125.37.3,224.0.0.251,Normal
10.125.9.134,224.0.0.251,Normal
10.125.61.226,224.0.0.251,Normal
23.37.85.62,10.125.35.8,Normal
23.37.85.62,10.125.35.8,Normal
10.125.65.143,10.125.67.255,Normal
10.125.37.195,224.0.0.252,Normal
10.125.20.163,224.0.0.251,Normal
10.125.60.169,224.0.0.251,Normal
10.125.24.191,224.0.0.251,Normal
10.125.27.6,224.0.0.251,Normal
10.125.36.126,224.0.0.251,Normal
10.125.21.90,224.0.0.251,Normal
10.125.35.170,224.0.0.251,Normal
10.125.17.136,224.0.0.251,Normal
10.125.19.145,239.255.255.250,Normal
10.125.18.116,224.0.0.251,Normal
10.125.11.241,224.0.0.251,Normal
10.125.5.166,224.0.0.251,Normal
10.125.5.166,224.0.0.251,Normal
142.250.195.228,10.125.35.8,Normal
23.37.85.62,10.125.35.8,Normal
23.37.85.62,10.125.35.8,Normal
23.37.85.62,10.125.35.8,Normal
10.125.35.8,23.37.85.62,Normal
23.37.85.62,10.125.35.8,Normal
23.37.85.62,10.125.35.8,Normal
23.37.85.62,10.125.35.8,Normal
10.125.35.8,23.37.85.62,Normal
20.42.65.90,10.125.35.8,Normal
20.42.65.90,10.125.35.8,Normal
10.125.35.8,20.42.65.90,Normal
20.42.65.90,10.125.35.8,Normal
20.42.65.90,10.125.35.8,Normal
20.42.65.90,10.125.35.8,Normal
10.125.35.8,20.42.65.90,Normal
20.42.65.90,10.125.35.8,Normal
20.42.65.90,10.125.35.8,Normal
20.42.65.90,10.125.35.8,Normal
20.42.65.90,10.125.35.8,Normal
10.125.35.8,20.42.65.90,Normal
10.125.35.8,20.42.65.90,Normal
10.125.35.8,23.37.85.62,Normal
10.125.35.8,23.37.85.62,Normal
23.37.85.62,10.125.35.8,Normal
23.37.85.62,10.125.35.8,Normal
23.37.85.62,10.125.35.8,Normal
10.125.35.8,23.37.85.62,Normal
10.125.5.247,224.0.0.251,Normal
10.125.34.32,224.0.0.251,Normal
10.125.67.170,224.0.0.251,Normal
10.125.36.207,224.0.0.251,Normal
10.125.24.82,224.0.0.251,Normal
10.125.60.169,224.0.0.251,Normal
10.125.36.126,224.0.0.251,Normal
10.125.65.248,224.0.0.251,Normal
10.125.20.176,224.0.0.251,Normal
10.125.36.231,224.0.0.251,Normal
10.125.9.4,224.0.0.251,Normal
10.125.37.40,224.0.0.251,Normal
23.37.85.62,10.125.35.8,Normal
23.37.85.62,10.125.35.8,Normal
10.125.35.8,23.37.85.62,Normal
10.125.35.8,23.37.85.62,Normal
10.125.35.8,23.37.85.62,Normal
23.37.85.62,10.125.35.8,Normal
23.37.85.62,10.125.35.8,Normal
10.125.35.8,23.37.85.62,Normal
23.37.85.62,10.125.35.8,Normal
10.125.34.32,10.125.63.255,Normal
10.125.9.200,10.125.63.255,Normal
10.125.9.200,10.125.63.255,Normal